SSU;/vobs/cm4ap/ntacs/ssu_cnz/ssu_cxc;NOT_USED;NOT_USED;APG43L_PROJ_LSV02_RFD;APG43L_PROJ_LSV02;no
PRC;/vobs/cm4ap/ntacs/prc_cnz/prc_cxc;NOT_USED;NOT_USED;APG43L_PROJ_LSV02_RFD;APG43L_PROJ_LSV02;no
ADH;/vobs/cm4ap/sio/sio_mcs/adh_cnz/adh_cxc;NOT_USED;NOT_USED;APG43L_PROJ_LSV02_RFD;APG43L_PROJ_LSV02;no
MLS;/vobs/cm4ap/sio/sio_mcs/mls_cnz/mls_cxc;NOT_USED;NOT_USED;APG43L_PROJ_LSV02_RFD;APG43L_PROJ_LSV02;no
DSD;/vobs/cm4ap/ntacs/dsd_cnz/dsd_cxc;NOT_USED;NOT_USED;APG43L_PROJ_LSV02_RFD;APG43L_PROJ_LSV02;no
TRA;/vobs/cm4ap/ntacs/tra_cnz/tra_cxc;NOT_USED;NOT_USED;APG43L_PROJ_LSV02_RFD;APG43L_PROJ_LSV02;no
MKTR;/vobs/cm4ap/ntacs/acsc_cnz/mktr_cxc;NOT_USED;NOT_USED;APG43L_PROJ_LSV02_RFD;APG43L_PROJ_LSV02;no
HWM;/vobs/cm4ap/ntacs/hwm_cnz/hwm_cxc;NOT_USED;NOT_USED;APG43L_PROJ_LSV02_RFD;APG43L_PROJ_LSV02;no
APBM;/vobs/cm4ap/ntacs/apbm_cnz/apbm_cxc;NOT_USED;NOT_USED;APG43L_PROJ_LSV02_RFD;APG43L_PROJ_LSV02;no
APGCC;/vobs/cm4ap/ntacs/apgcc_cnz/apgcc_cxc;NOT_USED;NOT_USED;APG43L_PROJ_LSV02_RFD;APG43L_PROJ_LSV02;no
PHA;/vobs/cm4ap/ntacs/pha_cnz/pha_cxc;NOT_USED;NOT_USED;APG43L_PROJ_LSV02_RFD;APG43L_PROJ_LSV02;no
AEH;/vobs/cm4ap/ntacs/aeh_cnz/aeh_cxc;NOT_USED;NOT_USED;APG43L_PROJ_LSV02_RFD;APG43L_PROJ_LSV02;no
ALOG;/vobs/cm4ap/ntacs/alog_cnz/alog_cxc;NOT_USED;NOT_USED;APG43L_PROJ_LSV02_RFD;APG43L_PROJ_LSV02;no
BUR;/vobs/cm4ap/ntacs/bur_cnz/bur_cxc;NOT_USED;NOT_USED;APG43L_PROJ_LSV02_RFD;APG43L_PROJ_LSV02;no
TRAPDS;/vobs/cm4ap/ntacs/trapds_cnz/trapds_cxc;NOT_USED;NOT_USED;APG43L_PROJ_LSV02_RFD;APG43L_PROJ_LSV02;no
NSF;/vobs/cm4ap/ntacs/nsf_cnz/nsf_cxc;NOT_USED;NOT_USED;APG43L_PROJ_LSV02_RFD;APG43L_PROJ_LSV02;no
EMF;/vobs/cm4ap/ntacs/emf_cnz/emf_cxc;NOT_USED;NOT_USED;APG43L_PROJ_LSV02_RFD;APG43L_PROJ_LSV02;no
CSYNC;/vobs/cm4ap/ntacs/chb_cnz/chb_cxc;NOT_USED;NOT_USED;APG43L_PROJ_LSV02_RFD;APG43L_PROJ_LSV02;no
MTZLN;/vobs/cm4ap/ntacs/chb_cnz/chbmtzln_cxc;NOT_USED;NOT_USED;APG43L_PROJ_LSV02_RFD;APG43L_PROJ_LSV02;no
HBEAT;/vobs/cm4ap/ntacs/chb_cnz/chbhbeat_cxc;NOT_USED;NOT_USED;APG43L_PROJ_LSV02_RFD;APG43L_PROJ_LSV02;no
APCONF;/vobs/cm4ap/ntacs/apconf_cnz/apconf_cxc;NOT_USED;NOT_USED;APG43L_PROJ_LSV02_RFD;APG43L_PROJ_LSV02;no
APJTP;/vobs/cm4ap/ntacs/apjtp_cnz/apjtp_cxc;NOT_USED;NOT_USED;APG43L_PROJ_LSV02_RFD;APG43L_PROJ_LSV02;no
LOGM;/vobs/cm4ap/ntacs/acsc_cnz/logm_cxc;NOT_USED;NOT_USED;APG43L_PROJ_LSV02_RFD;APG43L_PROJ_LSV02;no
LM;/vobs/cm4ap/ntacs/lm_cnz/lm_cxc;NOT_USED;NOT_USED;APG43L_PROJ_LSV02_RFD;APG43L_PROJ_LSV02;no
HAAGENT;/vobs/cm4ap/apos/ha_cnz/ha_agent_cxc;NOT_USED;NOT_USED;APG43L_PROJ_LSV02_RFD;APG43L_PROJ_LSV02;no
DEVMON;/vobs/cm4ap/apos/ha_cnz/ha_devmon_cxc;NOT_USED;NOT_USED;APG43L_PROJ_LSV02_RFD;APG43L_PROJ_LSV02;no
ASEC;/vobs/cm4ap/ntacs/asec_cnz/asec_cxc;NOT_USED;NOT_USED;APG43L_PROJ_LSV02_RFD;APG43L_PROJ_LSV02;no
LCT;/vobs/cm4ap/ntacs/asec_cnz/lct_cxc;NOT_USED;NOT_USED;APG43L_PROJ_LSV02_RFD;APG43L_PROJ_LSV02;no
AIAP;/vobs/cm4ap/sio/sio_mcs/aiap_cnz/aiap_cxc;NOT_USED;NOT_USED;APG43L_PROJ_LSV02_RFD;APG43L_PROJ_LSV02;no
ALDA;/vobs/cm4ap/sio/sio_mcs/alda_cnz/alda_cxc;NOT_USED;NOT_USED;APG43L_PROJ_LSV02_RFD;APG43L_PROJ_LSV02;no
CS;vobs/cm4ap/ntacs/cs_cnz/cs_cxc;NOT_USED;NOT_USED;APG43L_PROJ_LSV02_RFD;APG43L_PROJ_LSV02;no
USA;vobs/cm4ap/ntacs/usa_cnz/usa_cxc;NOT_USED;NOT_USED;APG43L_PROJ_LSV02_RFD;APG43L_PROJ_LSV02;no
USAFM;vobs/cm4ap/ntacs/usa_cnz/usa_fm_cxc;NOT_USED;NOT_USED;APG43L_PROJ_LSV02_RFD;APG43L_PROJ_LSV02;no
APSESH;vobs/cm4ap/ntacs/apsesh_cnz/apsesh_cxc;NOT_USED;NOT_USED;APG43L_PROJ_LSV02_RFD;APG43L_PROJ_LSV02;no
STSMAIN;/vobs/sts/SCAPE/code/STS_ANT_APG40/scpc_cnz/stsmain_cxc;NOT_USED;NOT_USED;APG43L_PROJ_LSV02_RFD;APG43L_PROJ_LSV02;no
STSCONV;/vobs/sts/SCAPE/code/STS_ANT_APG40/scpc_cnz/stsconv_cxc;NOT_USED;NOT_USED;APG43L_PROJ_LSV02_RFD;APG43L_PROJ_LSV02;no
STSPROV;/vobs/sts/SCAPE/code/STS_ANT_APG40/scpc_cnz/stsprov_cxc;NOT_USED;NOT_USED;APG43L_PROJ_LSV02_RFD;APG43L_PROJ_LSV02;no
SGS;/vobs/sts/gatherer/sgs_cnz/sgs_cxc;NOT_USED;NOT_USED;APG43L_PROJ_LSV02_RFD;APG43L_PROJ_LSV02;no
CPF;/vobs/cm4ap/sio/sio_fms/cpf_cnz/cpf_cxc;NOT_USED;NOT_USED;APG43L_PROJ_LSV02_RFD;APG43L_PROJ_LSV02;no
GCC;/vobs/cm4ap/ntaes/gcc_cnz/gcc_cxc;NOT_USED;NOT_USED;APG43L_PROJ_LSV02_RFD;APG43L_PROJ_LSV02;no
OHI;/vobs/cm4ap/ntaes/ohi_cnz/ohi_cxc;NOT_USED;NOT_USED;APG43L_PROJ_LSV02_RFD;APG43L_PROJ_LSV02;no
AFP;/vobs/cm4ap/ntaes/afp_cnz/afp_cxc;NOT_USED;NOT_USED;APG43L_PROJ_LSV02_RFD;APG43L_PROJ_LSV02;no
CDH;/vobs/cm4ap/ntaes/cdh_cnz/cdh_cxc;NOT_USED;NOT_USED;APG43L_PROJ_LSV02_RFD;APG43L_PROJ_LSV02;no
BUSRV;/vobs/Gemini_CPS/busrv_cnz/busrv_cxc;NOT_USED;NOT_USED;APG43L_PROJ_LSV02_RFD;APG43L_PROJ_LSV02;no
CFET;/vobs/ntpes/cfet_cnz/cfet_cxc;NOT_USED;NOT_USED;APG43L_PROJ_LSV02_RFD;APG43L_PROJ_LSV02;no
CLH;/vobs/ntpes/clh_cnz/clh_cxc;NOT_USED;NOT_USED;APG43L_PROJ_LSV02_RFD;APG43L_PROJ_LSV02;no
CPTASPC;/vobs/mas/mas_anz/cptasp_cnz/cptaspcentral_cxc;NOT_USED;NOT_USED;APG43L_PROJ_LSV02_RFD;APG43L_PROJ_LSV02;no
CPTASPCA;/vobs/mas/mas_anz/cptasp_cnz/cptaspcentrala_cxc;NOT_USED;NOT_USED;APG43L_PROJ_LSV02_RFD;APG43L_PROJ_LSV02;no
CPTASPCB;/vobs/mas/mas_anz/cptasp_cnz/cptaspcentralb_cxc;NOT_USED;NOT_USED;APG43L_PROJ_LSV02_RFD;APG43L_PROJ_LSV02;no
CPTASPM;/vobs/mas/mas_anz/cptasp_cnz/cptaspmml_cxc;NOT_USED;NOT_USED;APG43L_PROJ_LSV02_RFD;APG43L_PROJ_LSV02;no
CPTASPA;/vobs/mas/mas_anz/cptasp_cnz/cptaspapi_cxc;NOT_USED;NOT_USED;APG43L_PROJ_LSV02_RFD;APG43L_PROJ_LSV02;no
CPTMP2D;/vobs/mas/mas_anz/cptmp2d_cnz/cptmp2d_cxc;NOT_USED;NOT_USED;APG43L_PROJ_LSV02_RFD;APG43L_PROJ_LSV02;no
CQPH;/vobs/cqs/cqph_cnz/cqph_cxc;NOT_USED;NOT_USED;APG43L_PROJ_LSV02_RFD;APG43L_PROJ_LSV02;no
CQRH;/vobs/cqs/cqrh_cnz/cqrh_cxc;NOT_USED;NOT_USED;APG43L_PROJ_LSV02_RFD;APG43L_PROJ_LSV02;no
MISCLH;/vobs/mas/mas_anz/misclh_cnz/misclh_cxc;NOT_USED;NOT_USED;APG43L_PROJ_LSV02_RFD;APG43L_PROJ_LSV02;no
MSRMH;/vobs/mas/mas_anz/msrmh_cnz/msrmh_cxc;NOT_USED;NOT_USED;APG43L_PROJ_LSV02_RFD;APG43L_PROJ_LSV02;no
TESRV;/vobs/Gemini_CPS/tesrv_cnz/tesrv_cxc;NOT_USED;NOT_USED;APG43L_PROJ_LSV02_RFD;APG43L_PROJ_LSV02;no
TOCAP;/vobs/cm4ap/ntocs/tocap_cnz/tocap_cxc;NOT_USED;NOT_USED;APG43L_PROJ_LSV02_RFD;APG43L_PROJ_LSV02;no
BUFTPD;/vobs/cm4ap/ntcps/buftpd_cnz/buftpd_cxc;NOT_USED;NOT_USED;APG43L_PROJ_LSV02_RFD;APG43L_PROJ_LSV02;no
BUAP;/vobs/cm4ap/ntcps/buap_cnz/buap_cxc;NOT_USED;NOT_USED;APG43L_PROJ_LSV02_RFD;APG43L_PROJ_LSV02;no
IPNAADM;/vobs/cm4ap/ntocs/ipnaadm_cnz/ipnaadm_cxc;NOT_USED;NOT_USED;APG43L_PROJ_LSV02_RFD;APG43L_PROJ_LSV02;no
CCH;/vobs/cm4ap/fixs/cch_cnz/cch_cxc;NOT_USED;NOT_USED;APG43L_PROJ_LSV02_RFD;APG43L_PROJ_LSV02;no
AMIH;/vobs/cm4ap/fixs/amih_cnz/amih_cxc;NOT_USED;NOT_USED;APG43L_PROJ_LSV02_RFD;APG43L_PROJ_LSV02;no
TREFC;/vobs/cm4ap/fixs/trefc_cnz/trefc_cxc;NOT_USED;NOT_USED;APG43L_PROJ_LSV02_RFD;APG43L_PROJ_LSV02;no
ALEC;/vobs/cm4ap/sio/sio_mcs/alec_cnz/alec_cxc;NOT_USED;NOT_USED;APG43L_PROJ_LSV02_RFD;APG43L_PROJ_LSV02;no
ALH;/vobs/cm4ap/ntacs/alh_cnz/alh_cxc;NOT_USED;NOT_USED;APG43L_PROJ_LSV02_RFD;APG43L_PROJ_LSV02;no
CPTMP4DBIN;/vobs/mas/mas_anz/cptmp_cnz/cptmp4d_cnz/cptmp4d_cxc/packages/sdp;NOT_USED;NOT_USED;APG43L_PROJ_LSV02_RFD;APG43L_PROJ_LSV02;no
CPTASPCENTRALC;/vobs/mas/mas_anz/cptasp_cnz/cptaspcentralc_cxc/packages/sdp;NOT_USED;NOT_USED;APG43L_PROJ_LSV02_RFD;APG43L_PROJ_LSV02;no
MAUS1BIN;/vobs/mas/mas_anz/cptasp_cnz/cptaspcentralc_cxc/packages/sdp;NOT_USED;NOT_USED;APG43L_PROJ_LSV02_RFD;APG43L_PROJ_LSV02;no
MAUS2BIN;/vobs/mas/mas_anz/cptasp_cnz/cptaspcentralc_cxc/packages/sdp;NOT_USED;NOT_USED;APG43L_PROJ_LSV02_RFD;APG43L_PROJ_LSV02;no
MAUSCBIN;/vobs/mas/mas_anz/cptasp_cnz/cptaspcentralc_cxc/packages/sdp;NOT_USED;NOT_USED;APG43L_PROJ_LSV02_RFD;APG43L_PROJ_LSV02;no
MAUSOBIN;/vobs/mas/mas_anz/cptasp_cnz/cptaspcentralc_cxc/packages/sdp;NOT_USED;NOT_USED;APG43L_PROJ_LSV02_RFD;APG43L_PROJ_LSV02;no
DDT;/vobs/cm4ap/ntaes/ddt_cnz/ddt_cxc;NOT_USED;NOT_USED;APG43L_PROJ_LSV02_RFD;APG43L_PROJ_LSV02;no
